x,y,label
-45.87913,-4.43142,0
-44.348125,-3.9641194,0
-45.428432,-1.4463005,0
-49.150993,-7.1054015,0
-47.425728,-2.9322674,0
-44.18478,-5.256276,0
-47.538784,-5.0316267,0
-45.061203,-1.8045378,0
-43.50565,-4.3999496,0
-48.30107,-5.595962,0
-44.939518,-2.591327,0
-48.905342,-7.0012236,0
-46.3958,-2.6130824,0
-47.016285,-7.179869,0
-46.12711,-4.726414,0
-44.759895,-2.7442312,0
-47.840473,-6.5919886,0
-46.582306,-5.2452602,0
-46.51598,-2.82958,0
-44.693535,-5.4134336,0
-49.27957,-6.898715,0
-46.613358,-4.3629775,0
-45.367596,-3.0103488,0
-44.284203,-4.467855,0
-47.42428,-6.231633,0
-47.487007,-3.0356255,0
-43.95478,-5.0482044,0
-48.503887,-6.2524114,0
-47.77242,-3.1519964,0
-45.05416,-2.497464,0
-0.0818812,54.450897,9
2.7514505,54.32141,9
2.5342042,54.517982,9
1.8861074,55.543262,9
2.2683372,53.827763,9
2.1410708,53.604687,9
1.4380116,54.013443,9
2.0682979,53.151978,9
2.7599118,53.768806,9
2.744045,53.812164,9
1.3021364,56.45272,9
1.5840693,56.363228,9
0.9037794,56.54881,9
0.87616646,55.170322,9
1.0994546,54.247734,9
0.81551486,54.191357,9
2.5573425,54.990524,9
2.4699376,54.77847,9
3.4364514,55.0661,9
1.8470294,54.400703,9
3.016555,55.021484,9
0.5488989,53.78526,9
2.6564856,55.47205,9
2.7995038,53.319496,9
3.6345518,55.097523,9
1.269405,55.49791,9
2.5156581,54.910892,9
1.2146099,55.868675,9
0.88566417,55.474216,9
0.80816144,55.458534,9
33.755524,28.505507,10
34.50097,25.974752,10
33.34723,26.828123,10
34.5264,25.93549,10
32.14604,26.546791,10
35.8225,26.814938,10
34.766193,28.054672,10
35.23818,26.290236,10
35.070103,26.161236,10
33.097347,28.023853,10
34.661957,26.813324,10
35.369316,26.681911,10
32.623142,27.597166,10
34.38682,24.816586,10
33.98519,28.218082,10
33.391415,26.596802,10
33.972862,27.289387,10
32.460224,26.978489,10
35.52112,26.26817,10
34.14129,26.358955,10
33.062317,24.231207,10
33.650692,26.577612,10
33.540314,25.956268,10
32.124245,24.954021,10
33.21014,25.537888,10
30.686096,26.832047,10
31.653704,26.946196,10
30.626963,26.815138,10
33.32148,27.515882,10
33.37561,26.568775,10
43.176422,4.381296,11
48.643684,5.2591805,11
49.558327,6.6705294,11
45.867046,1.2794547,11
49.02484,6.2621694,11
44.988815,2.0411775,11
45.672012,5.3214574,11
45.831974,1.9663441,11
44.73668,4.3781314,11
44.524,2.6018806,11
49.269165,5.8197923,11
46.354942,5.5215592,11
44.78924,2.1548336,11
45.826565,3.2204664,11
46.895626,4.52241,11
44.33584,2.7541988,11
48.92073,6.266439,11
47.631683,3.8176498,11
46.071564,2.722397,11
45.3907,5.6522536,11
45.882675,1.8656723,11
47.682896,4.4186206,11
46.202354,3.9316494,11
47.428165,4.0365157,11
46.991028,3.3342395,11
49.065216,6.2800455,11
47.23722,3.916218,11
46.49954,2.3662083,11
48.176414,6.357812,11
45.952435,1.7755923,11
-21.174362,34.155415,12
-21.583868,35.291656,12
-18.863192,35.074146,12
-20.15911,33.937157,12
-21.585587,36.103653,12
-19.308226,35.68586,12
-22.554163,35.139194,12
-19.985678,35.364532,12
-20.06227,34.47162,12
-21.8833,36.49608,12
-21.667757,35.37127,12
-21.727142,36.86319,12
-20.717781,34.422424,12
-22.755604,35.647205,12
-19.375446,36.23553,12
-22.555008,35.398464,12
-22.663506,37.43556,12
-22.890507,36.49369,12
-21.659681,37.12035,12
-20.15836,33.98445,12
-21.759142,36.925823,12
-21.348387,36.512203,12
-19.807716,34.35125,12
-21.65304,35.798576,12
-21.782082,35.459064,12
-19.406748,33.50618,12
-22.49911,35.210247,12
-20.162067,33.927692,12
-22.356506,35.448624,12
-20.205475,34.631794,12
20.255337,-3.9995847,13
19.683376,-2.104113,13
19.160997,-2.6413672,13
20.266422,-4.4045434,13
20.085474,-4.3329453,13
19.37033,-3.4434164,13
19.42193,-2.3783796,13
18.82167,-4.4142046,13
19.628967,-4.161856,13
18.746008,-2.6244206,13
19.649632,-4.661161,13
20.183962,-4.545427,13
20.029608,-5.744189,13
18.772594,-2.8487146,13
18.591768,-5.468826,13
20.400188,-5.2818503,13
19.314053,-5.6901484,13
19.300821,-5.7827234,13
19.507605,-5.477949,13
17.007223,0.07987636,13
19.938183,-5.8959146,13
16.920324,0.23613073,13
20.10166,-6.2233143,13
20.341665,-6.2620835,13
19.602837,-6.0644193,13
19.774162,-4.9003053,13
19.573984,-5.4428062,13
19.286318,-5.474948,13
17.408714,-1.3667684,13
17.051378,0.32968283,13
1.3617582,-23.34428,14
0.5968568,-21.011768,14
2.737145,-21.614819,14
2.7706044,-23.91814,14
1.3402905,-21.182737,14
2.8696718,-24.044592,14
1.4446979,-20.55296,14
2.85195,-24.027424,14
1.7068968,-20.840052,14
2.899025,-24.09001,14
1.7981435,-20.482168,14
2.8984466,-24.02932,14
2.6057205,-20.811417,14
0.56436384,-23.744644,14
2.8313353,-21.205639,14
0.49538237,-23.786777,14
2.7499025,-20.796343,14
2.469906,-23.401337,14
2.0129354,-20.58564,14
2.3376284,-22.804506,14
1.4973994,-20.960382,14
2.0181546,-22.759382,14
1.972058,-20.95821,14
1.8283927,-23.286428,14
0.7842042,-21.009403,14
2.829229,-21.262312,14
2.5003033,-23.02763,14
1.7019287,-20.85614,14
1.896119,-23.594105,14
1.1281813,-21.162758,14
38.41193,-13.239877,1
36.343884,-13.04528,1
34.70256,-14.565399,1
34.852825,-13.357621,1
37.292503,-12.9922695,1
35.127365,-13.144363,1
34.281845,-14.102004,1
37.414143,-13.737296,1
33.65798,-14.731452,1
36.958767,-16.155731,1
35.194695,-14.915638,1
36.104694,-15.397753,1
34.274673,-15.219561,1
35.32694,-13.754372,1
38.950867,-14.240059,1
37.132706,-15.853629,1
36.62368,-14.004574,1
36.483154,-13.781846,1
35.277348,-14.625267,1
37.549995,-14.845989,1
35.319,-13.246244,1
36.01911,-14.272582,1
34.567696,-14.333197,1
37.798855,-13.578894,1
37.40373,-14.107791,1
36.703346,-14.4424305,1
37.44823,-14.454826,1
37.660213,-13.15611,1
36.093567,-14.156613,1
39.017483,-14.285595,1
-42.4194,2.107966,2
-39.791115,3.6313617,2
-37.523483,3.592557,2
-36.081722,4.215598,2
-35.768425,4.4561415,2
-36.20819,4.4235134,2
-35.702316,4.373872,2
-41.419292,5.771047,2
-42.33606,2.854737,2
-42.727688,1.7419633,2
-40.13247,3.424962,2
-40.202625,5.6273484,2
-35.725285,4.291906,2
-38.768982,5.1299405,2
-42.35402,2.5921783,2
-40.127346,4.1772413,2
-37.47248,3.7021635,2
-41.45729,5.7040076,2
-42.272453,2.993038,2
-39.95348,3.5007632,2
-36.213467,4.372553,2
-42.253265,2.9260104,2
-39.726208,3.7570174,2
-35.5454,4.104851,2
-41.308323,5.7744856,2
-42.105896,3.2947617,2
-42.412663,2.0840616,2
-38.020615,4.698197,2
-35.97774,4.072259,2
-42.32207,2.7420626,2
-11.358384,-33.612377,3
-12.001833,-34.6295,3
-14.029153,-37.52414,3
-11.393104,-33.78352,3
-14.719466,-37.149124,3
-12.604127,-37.14935,3
-11.862399,-36.42575,3
-13.112613,-37.352783,3
-11.444436,-34.010426,3
-15.278702,-37.340508,3
-12.654573,-36.95712,3
-11.929256,-35.906,3
-15.078172,-38.028297,3
-12.342822,-35.54231,3
-11.435511,-33.887154,3
-14.473186,-36.59995,3
-12.467552,-36.712864,3
-13.36944,-36.0306,3
-15.177673,-37.409565,3
-13.240817,-37.370525,3
-11.613532,-34.961414,3
-13.702041,-35.899006,3
-15.23213,-37.28268,3
-12.059917,-35.240376,3
-13.065423,-36.939518,3
-12.7146845,-35.079224,3
-14.236876,-35.727398,3
-13.881363,-37.447617,3
-12.631726,-35.402206,3
-13.975855,-35.797913,3
-19.805162,14.990483,4
-18.787657,21.231194,4
-16.775959,20.549852,4
-19.558586,17.073872,4
-19.499296,14.177612,4
-19.71538,21.862879,4
-18.90188,22.072649,4
-16.843548,20.15488,4
-16.282084,16.37879,4
-16.219213,16.56459,4
-16.06038,16.651718,4
-19.46776,14.112067,4
-20.102228,20.32808,4
-18.457468,21.148846,4
-15.702121,16.124577,4
-16.725994,15.536701,4
-17.02183,16.164501,4
-19.796082,15.70275,4
-19.434273,22.174036,4
-17.89109,20.592005,4
-17.297634,15.776845,4
-19.564142,14.080533,4
-19.82507,15.574832,4
-19.840822,21.327198,4
-18.104486,20.744408,4
-16.876633,20.35898,4
-16.035055,16.17976,4
-16.777891,15.686289,4
-17.231285,16.525356,4
-19.795593,15.732874,4
18.490625,-27.470226,5
23.43069,-30.132063,5
16.929163,-29.481434,5
17.67187,-29.584824,5
18.081547,-29.52814,5
18.815968,-29.185915,5
21.19284,-28.70551,5
23.39697,-30.164349,5
22.819206,-30.18366,5
23.108137,-30.12597,5
22.572601,-29.926928,5
17.129137,-30.323187,5
17.166122,-30.167898,5
17.582611,-29.43455,5
18.008968,-29.390903,5
18.482378,-28.70572,5
18.197092,-29.396563,5
18.60683,-28.18864,5
19.043385,-29.488337,5
19.164034,-29.91246,5
18.88973,-29.606932,5
20.555681,-30.23078,5
20.990612,-30.276783,5
20.305752,-30.283163,5
19.569176,-30.194817,5
21.139101,-28.66985,5
21.123459,-28.552423,5
21.103474,-30.05606,5
21.159048,-30.184452,5
20.998598,-30.20678,5
2.5919287,-1.7035905,6
1.5109525,-3.603551,6
-0.050242126,2.6313398,6
1.3300507,-5.952968,6
1.5910944,-1.5921443,6
1.9200718,-4.1632442,6
1.0757728,-2.6014898,6
1.3475208,-3.9445536,6
1.0316732,-2.2797718,6
-0.734698,2.070029,6
1.8843105,-6.156092,6
1.5282416,-1.1714886,6
2.17356,-5.8830714,6
1.2613472,-2.5829232,6
-1.4265112,2.09124,6
1.6868048,-3.321493,6
-2.739588,1.7268147,6
1.353467,-2.0582623,6
2.0803974,-5.782577,6
0.22476731,1.2488772,6
1.5033216,-5.8955474,6
1.5590659,-0.8643583,6
2.1255112,-5.9062667,6
-0.60054547,1.9635637,6
1.441464,-5.0918736,6
-1.2405622,2.362997,6
1.4821998,-2.6400125,6
2.1425831,-6.3467526,6
-0.14669284,2.4832249,6
1.3841643,-3.2989824,6
-21.543821,-1.5330726,7
-18.717857,4.8695617,7
-19.367706,4.136828,7
-17.415665,1.697915,7
-17.820116,1.7140435,7
-16.541636,2.971598,7
-18.46043,4.76954,7
-20.920528,-0.9519622,7
-18.308485,1.7607446,7
-17.529524,1.3856784,7
-18.342962,1.2979252,7
-19.512865,0.88025653,7
-19.954126,3.2450898,7
-18.47924,4.1050544,7
-16.246403,2.7649925,7
-18.237398,0.5332405,7
-18.598255,0.9353263,7
-19.55315,0.85899377,7
-19.452051,0.92756814,7
-20.551014,0.45972547,7
-19.511488,0.7535833,7
-19.582804,0.09908329,7
-18.497454,-0.48541054,7
-18.61344,-0.021678861,7
-18.476885,0.95199245,7
-20.466389,0.060653966,7
-19.966982,3.196491,7
-16.086678,3.1559343,7
-17.348734,1.111924,7
-19.115068,0.41361144,7
-9.67573,-14.566987,8
-9.1772,-17.630238,8
-8.924315,-16.702122,8
-8.828459,-16.024445,8
-8.940093,-15.908127,8
-8.911615,-16.849325,8
-9.274013,-17.390133,8
-9.257227,-18.611021,8
-8.802643,-18.53481,8
-9.836872,-18.679482,8
-11.871927,-18.423025,8
-10.486387,-15.445652,8
-9.495795,-15.506467,8
-8.790527,-18.033106,8
-8.664065,-18.31255,8
-10.147958,-15.950557,8
-9.531212,-19.070633,8
-11.939332,-18.843271,8
-8.966132,-15.984888,8
-11.748641,-18.7351,8
-9.846999,-15.98268,8
-8.820984,-17.179306,8
-8.947578,-18.509722,8
-12.121517,-18.577847,8
-8.7127075,-16.898201,8
-11.077797,-17.45794,8
-10.768274,-15.637938,8
-10.644667,-16.969324,8
-8.98333,-18.37126,8
-12.410904,-15.587227,8
-31.342285,-25.396936,15
-31.932573,-25.244865,15
-32.89933,-25.352716,15
-32.83337,-24.95159,15
-31.63165,-25.315252,15
-31.827478,-26.095291,15
-31.978739,-24.549553,15
-33.79148,-25.049057,15
-31.489294,-26.306404,15
-31.862644,-25.619997,15
-31.862684,-26.167578,15
-30.99078,-25.82557,15
-33.595024,-26.251625,15
-32.29244,-25.820774,15
-32.278473,-24.983173,15
-31.150867,-26.769728,15
-31.408207,-26.662392,15
-31.554436,-26.695892,15
-30.895636,-26.564651,15
-33.280632,-25.806028,15
-33.70202,-26.13418,15
-32.15499,-26.806324,15
-34.064533,-26.187035,15
-33.040115,-26.811806,15
-31.684118,-26.827652,15
-33.818924,-24.891941,15
-32.585243,-26.36304,15
-33.961185,-25.685152,15
-33.371845,-26.736204,15
-33.10492,-26.344774,15
5.519853,-51.560043,16
3.9488134,-46.30873,16
5.7104716,-50.504284,16
4.0824804,-46.669937,16
4.412846,-51.73494,16
3.9290917,-47.51305,16
5.989671,-50.31797,16
3.5980563,-47.780003,16
5.6777453,-50.499332,16
4.9570208,-48.990463,16
4.381532,-50.40664,16
4.2025747,-51.658234,16
4.4848094,-46.84986,16
6.3909254,-49.718395,16
3.992414,-51.833775,16
3.5608473,-47.440052,16
4.581551,-50.656666,16
4.621044,-52.224438,16
4.762685,-48.71546,16
5.1830297,-51.089497,16
4.8385377,-50.84257,16
4.468828,-49.61692,16
6.923504,-48.604996,16
4.9993057,-52.025448,16
4.8030243,-52.095875,16
3.8962808,-51.243675,16
5.366028,-47.925766,16
5.4884944,-50.806076,16
4.9154806,-51.517475,16
4.6246057,-51.661594,16
17.257465,10.306068,17
16.645481,8.062514,17
16.281025,8.029237,17
18.718601,8.78336,17
16.779894,9.32807,17
18.976723,7.898137,17
18.125183,9.251456,17
18.55391,8.016647,17
17.631725,7.987371,17
17.534868,7.582863,17
17.371977,8.922707,17
16.985605,9.49837,17
18.124361,8.850168,17
17.723877,9.884566,17
17.752132,8.2102,17
18.83128,9.529871,17
18.553795,8.901653,17
17.956873,7.882606,17
17.918634,8.253991,17
17.74186,8.933232,17
17.953325,10.049407,17
18.611086,10.266779,17
19.258692,9.564782,17
18.401398,8.574249,17
17.778852,9.3755245,17
17.635103,9.087382,17
18.06145,10.219274,17
17.875347,9.513785,17
17.403006,9.646786,17
16.086716,7.8654475,17
11.486743,27.30719,18
16.419567,31.128435,18
14.48058,29.321281,18
11.452124,30.698706,18
12.071145,31.153242,18
11.615204,31.410038,18
12.254008,31.335514,18
10.664049,29.63256,18
14.271075,27.544926,18
11.632487,28.725212,18
12.147565,29.884539,18
11.756724,31.647104,18
14.499759,29.20843,18
14.365792,27.539047,18
13.646757,27.637508,18
12.067943,31.082144,18
14.438071,29.733791,18
14.164958,27.715546,18
12.653469,29.96973,18
12.100106,31.532501,18
11.189155,30.80577,18
11.128769,30.938866,18
14.500782,28.289219,18
13.757346,28.378235,18
12.054631,31.327469,18
14.851126,29.200306,18
12.122069,30.021193,18
14.180911,29.379839,18
12.250875,29.86042,18
14.601772,29.268732,18
-0.24615327,14.850704,19
1.8406299,13.925536,19
2.5683007,15.326792,19
2.138149,14.953566,19
0.91937745,17.358156,19
2.8151765,15.088528,19
3.15984,15.876449,19
2.2977252,15.420951,19
2.4671476,15.966818,19
4.018791,15.7762575,19
2.4494145,14.909591,19
3.2795022,16.175156,19
1.4143616,16.268845,19
2.471279,14.475335,19
1.4953696,14.720873,19
3.1150217,16.96855,19
1.9171066,15.014608,19
2.986625,14.238534,19
3.003432,15.700322,19
3.577534,15.270014,19
2.9395437,15.62236,19
2.304028,15.895392,19
2.033439,16.635798,19
3.477898,15.760622,19
1.9970231,16.850973,19
0.46518567,20.218616,19
0.37499318,20.100368,19
0.06890715,19.711956,19
0.23049818,19.854868,19
0.33546054,19.609936,19
-45.95939,-3.2526777,0
-49.020573,-6.47072,0
-48.81397,-6.3730497,0
-49.021255,-7.562682,0
-47.123016,-7.9868956,0
-49.059273,-5.7343583,0
-45.923466,-4.402485,0
-46.32921,-2.6325645,0
-47.39649,-7.9923496,0
-49.472145,-7.460947,0
-47.134254,-4.5220275,0
-48.180614,-3.3727841,0
-49.348335,-6.4293036,0
-45.79531,-4.4361825,0
-48.49246,-3.3209853,0
-43.83857,-3.117755,0
-46.8802,-4.556597,0
-44.26029,-3.0058398,0
-47.782307,-4.1519613,0
-43.65764,-4.2544203,0
-49.55371,-6.136342,0
-43.506195,-4.340683,0
-49.492844,-5.295121,0
-44.279873,-3.0317926,0
-46.00592,-7.244095,0
-47.15727,-6.966112,0
-43.718117,-3.9680266,0
-46.31418,-6.3298755,0
-45.79824,-3.153239,0
-48.785423,-3.7284951,0
-49.72677,-6.404222,0
-48.78821,-2.955627,0
-49.08691,-5.521853,0
-45.82897,-3.043803,0
-48.013252,-7.334936,0
-48.600307,-3.6400528,0
-46.973774,-6.8150887,0
-46.05591,-4.433398,0
-48.730774,-7.4782577,0
-49.562042,-5.709496,0
-0.6255062,50.92026,9
-0.6211138,51.1607,9
-0.348898,54.879353,9
-0.88250613,51.791695,9
-0.6799532,51.58181,9
-0.5569071,52.497974,9
-0.1610857,52.624916,9
-0.51445025,52.449238,9
-0.14851277,53.30648,9
-0.41447023,51.685772,9
-0.11129998,52.505695,9
-1.3876653,50.861755,9
-0.54064363,50.292274,9
-1.1236696,49.154434,9
-0.41071612,49.431328,9
0.43228894,49.998592,9
-1.3775787,48.95131,9
-0.5161949,49.175587,9
0.81023157,49.98109,9
-0.89390343,49.704678,9
0.05902884,49.611298,9
-0.5713314,49.887215,9
-1.0947717,49.17874,9
-0.60309654,49.062183,9
-0.9680088,48.804565,9
0.09953668,49.249382,9
-0.05781471,50.620205,9
-0.9418575,49.842052,9
-1.1132461,49.507145,9
0.219884,50.946327,9
-0.15873459,48.517464,9
0.20059198,49.6584,9
0.29481792,49.876,9
0.37825716,49.7037,9
0.70840603,49.50806,9
1.0694987,49.171932,9
1.2582328,50.815964,9
0.7225865,49.77921,9
0.412911,48.896255,9
0.6892019,48.7475,9
31.38959,25.494633,10
31.423183,23.012304,10
31.312994,23.462772,10
29.946611,24.329456,10
31.241543,24.595444,10
31.510653,25.398441,10
31.241293,25.243546,10
32.872208,23.675667,10
32.36253,23.965176,10
29.234613,25.09763,10
32.231705,25.328037,10
31.323444,25.162027,10
30.022654,26.37362,10
30.757294,27.453123,10
31.79567,23.841078,10
30.83071,23.377914,10
29.418198,23.568842,10
29.27615,25.977875,10
31.215422,26.249273,10
29.644606,26.737759,10
30.45505,26.183352,10
29.71651,26.086927,10
31.59305,23.052578,10
30.064905,24.003653,10
30.499086,23.38455,10
30.493444,23.689234,10
32.331024,24.70786,10
29.005941,25.645351,10
31.154245,24.426786,10
31.163708,24.118334,10
30.429163,25.701263,10
30.529566,24.789013,10
31.576956,25.91896,10
29.014282,26.697548,10
30.0424,25.914215,10
28.491344,24.91943,10
29.966055,25.22771,10
29.905972,26.431318,10
29.464077,25.61617,10
29.44411,23.961292,10
51.17075,4.7865996,11
47.47421,5.7666874,11
45.743324,4.1893806,11
49.847404,2.1868582,11
47.63838,2.1038125,11
50.876083,5.1697035,11
50.376415,4.204827,11
49.69955,3.7286813,11
47.264225,1.8467236,11
48.129795,2.9237077,11
47.727695,5.7041736,11
49.36999,4.19643,11
50.142857,4.550323,11
50.402878,2.3013198,11
48.983116,3.2947562,11
50.517876,3.6632457,11
49.76642,5.250938,11
48.383137,3.9019792,11
48.74887,4.329792,11
47.65425,5.1648736,11
48.50181,4.3541026,11
48.26655,2.4892628,11
46.589325,4.435847,11
50.711662,4.575891,11
50.575,2.944674,11
50.44748,3.8259223,11
47.406532,5.3127127,11
48.315964,4.6646585,11
47.905117,2.4979148,11
49.52045,3.29459,11
47.032066,4.578564,11
49.404873,2.6039045,11
49.999557,3.182764,11
46.331345,4.603343,11
48.6422,4.5012584,11
49.114285,5.7353873,11
48.305138,3.470154,11
49.443604,2.5273092,11
45.8932,1.4863676,11
48.969086,4.978397,11
-17.913408,37.830578,12
-18.406784,34.13147,12
-20.091866,37.742416,12
-18.687159,34.116344,12
-20.808702,39.476486,12
-18.221045,36.703346,12
-21.275476,38.77175,12
-17.790012,34.73102,12
-17.898586,37.55222,12
-19.930315,37.709,12
-20.676754,38.13558,12
-18.774487,34.934155,12
-17.390911,38.3359,12
-20.019337,37.540688,12
-20.509548,37.859245,12
-18.924006,34.483456,12
-17.345102,36.60703,12
-18.027811,38.540424,12
-20.361668,36.981586,12
-21.7881,37.549152,12
-19.041197,34.29751,12
-17.477154,38.00174,12
-19.873081,37.459156,12
-20.936188,39.425835,12
-17.690416,34.74823,12
-17.811262,35.01015,12
-18.93208,33.733086,12
-17.62918,37.736523,12
-17.938019,38.25764,12
-18.528675,36.291176,12
-18.405916,38.682014,12
-17.756926,37.595222,12
-19.70236,38.85185,12
-17.536615,38.55468,12
-18.556992,38.807228,12
-21.653303,38.67034,12
-21.567522,38.71535,12
-20.823008,38.595043,12
-20.752872,37.824287,12
-17.252337,34.823692,12
15.497276,-2.150082,13
17.091053,-2.2204874,13
16.61212,-3.8452973,13
15.629951,-1.936345,13
16.351992,-3.6816218,13
15.322158,-1.0148437,13
14.822991,-1.3364682,13
15.984159,-2.7253678,13
15.643635,-3.0701597,13
16.047356,-2.5180562,13
15.511494,-2.2737346,13
15.511004,-2.7754858,13
16.324787,-2.936197,13
14.962453,-2.3557267,13
15.464539,-3.0006173,13
15.133459,-3.132984,13
17.038576,-3.2798176,13
14.844865,-2.470118,13
15.362672,-3.159956,13
16.595787,-2.8545792,13
16.996613,-3.4530725,13
18.527924,-4.4125514,13
15.412489,-3.19082,13
16.990267,-3.9268637,13
15.45846,-3.785483,13
15.027149,-3.8046055,13
18.669058,-2.107036,13
15.081283,-1.8492296,13
14.651737,-1.8391567,13
15.946701,-3.544215,13
4.936797,-21.26488,14
5.5608172,-22.501738,14
4.9970694,-24.900486,14
2.2160044,-25.849087,14
5.224689,-23.932547,14
6.9633117,-21.885372,14
5.114838,-21.809357,14
4.7971425,-22.366621,14
4.9512405,-22.66947,14
3.4060779,-24.470737,14
2.4171495,-25.436731,14
6.536664,-22.329876,14
4.0526195,-22.732798,14
3.6561475,-22.794937,14
5.7239394,-22.420982,14
5.194449,-22.641155,14
4.8872333,-25.345243,14
2.3871317,-25.409668,14
4.919611,-24.298248,14
5.6456614,-23.155783,14
4.1984234,-23.931126,14
3.8030024,-23.33436,14
2.3290505,-25.545702,14
2.3707333,-25.16594,14
4.963979,-24.425549,14
4.4676633,-21.96128,14
6.001525,-22.284258,14
4.2831583,-22.232723,14
5.529191,-23.720974,14
4.066627,-25.142324,14
37.575542,-12.294396,1
38.26294,-14.441184,1
35.600487,-15.178948,1
37.73209,-17.42582,1
37.00962,-15.055325,1
35.294357,-15.588557,1
36.122116,-14.963187,1
34.65397,-15.765135,1
39.40324,-13.497505,1
35.461967,-15.670479,1
38.674435,-14.363991,1
35.461647,-15.088853,1
34.927017,-15.250687,1
39.47166,-16.342573,1
36.408978,-18.014738,1
36.267227,-14.880747,1
39.32683,-17.224226,1
37.893387,-16.774242,1
39.459778,-15.812348,1
38.02832,-17.91227,1
39.939995,-16.956348,1
38.795742,-17.656834,1
38.535175,-17.96366,1
38.25067,-17.631584,1
39.083595,-18.202013,1
39.275402,-15.7577915,1
38.89367,-16.780495,1
39.103573,-16.61778,1
36.792473,-16.808506,1
36.002205,-16.449902,1
39.699005,-17.680122,1
38.78786,-16.658224,1
39.445023,-18.03755,1
38.591972,-17.65059,1
37.918564,-15.438909,1
40.47107,-15.376793,1
40.557045,-15.440337,1
37.904896,-16.634886,1
38.094875,-18.370474,1
38.5339,-16.46828,1
-36.093616,6.699377,2
-39.163418,6.7966805,2
-38.891884,6.995355,2
-39.020668,6.379828,2
-39.508827,6.876623,2
-37.83791,8.275592,2
-38.265507,7.197444,2
-38.39956,6.6066766,2
-38.570084,5.837036,2
-38.257053,6.154274,2
-38.107765,7.687946,2
-38.5442,7.0832195,2
-38.39835,7.534101,2
-37.34535,6.5018845,2
-37.763638,6.964569,2
-37.79467,6.8472457,2
-37.585617,6.8993406,2
-38.756325,8.13938,2
-39.620308,8.103671,2
-38.609447,7.5052643,2
-38.950275,8.170647,2
-39.678715,7.6047335,2
-40.01966,8.317749,2
-37.336285,7.7975664,2
-36.98162,7.669565,2
-39.160286,9.034578,2
-36.233807,7.5400248,2
-39.652573,8.313326,2
-37.142033,8.4125,2
-38.23627,8.560542,2
-37.726543,8.643517,2
-38.89358,9.841506,2
-39.405224,7.1859307,2
-38.635235,8.398813,2
-39.296627,9.147743,2
-38.14292,8.9525385,2
-38.73074,9.540111,2
-36.84616,7.9132957,2
-37.27052,6.754436,2
-39.01977,8.350613,2
-7.517829,-38.17945,3
-10.5911875,-37.338238,3
-9.758965,-36.837345,3
-9.788989,-37.815758,3
-9.848603,-36.976192,3
-10.041486,-36.95179,3
-10.522896,-38.699787,3
-10.069363,-39.051907,3
-8.345105,-38.638363,3
-9.043282,-37.991604,3
-9.649856,-37.567497,3
-9.78372,-38.17886,3
-9.918308,-38.81443,3
-9.695719,-38.999832,3
-9.67442,-37.784832,3
-10.991263,-38.63186,3
-11.397444,-37.613716,3
-10.951028,-38.61202,3
-9.618829,-39.940125,3
-11.58051,-38.585316,3
-10.61186,-39.81343,3
-10.622349,-39.359493,3
-7.6222653,-39.237484,3
-8.210772,-38.08897,3
-11.319062,-36.501034,3
-9.105237,-39.144413,3
-7.8521194,-38.194088,3
-12.296235,-38.44495,3
-9.39465,-39.537876,3
-10.071394,-38.09166,3
-10.816872,-37.77857,3
-11.242224,-39.225674,3
-11.412496,-38.2098,3
-11.16683,-39.07655,3
-11.614728,-39.825542,3
-10.524073,-39.62753,3
-11.430611,-39.51094,3
-10.589123,-38.69059,3
-11.329625,-38.268658,3
-9.423806,-38.80616,3
-17.100367,17.69235,4
-21.315472,20.603445,4
-17.64723,19.069805,4
-17.947865,17.156427,4
-19.855125,19.933535,4
-18.889614,20.769995,4
-19.665482,19.919716,4
-21.08158,20.294916,4
-20.883411,18.835413,4
-17.5681,18.83964,4
-19.611105,18.690893,4
-18.48123,18.875708,4
-21.49449,20.253378,4
-18.935276,19.104622,4
-19.533926,18.067604,4
-19.003178,19.430233,4
-18.612133,19.538235,4
-19.87976,17.658072,4
-20.10287,20.99797,4
-18.393112,19.558022,4
-18.848225,18.182657,4
-19.97024,20.853323,4
-18.85747,17.464104,4
-20.116976,20.0023,4
-19.02876,17.634357,4
-20.138317,20.843023,4
-18.825314,17.453959,4
-21.324507,20.239197,4
-18.505491,18.44263,4
-19.106771,19.489952,4
-21.27656,18.520037,4
-19.70072,18.175371,4
-20.349463,17.90714,4
-21.77362,19.978935,4
-19.323992,17.818352,4
-20.102133,19.49799,4
-18.142908,18.48709,4
-18.115086,17.435787,4
-20.94835,20.762333,4
-18.706327,17.770443,4
23.286545,-30.920012,5
17.821888,-31.103275,5
20.144682,-31.556581,5
18.285286,-33.671036,5
20.131636,-32.24738,5
18.555061,-33.915855,5
20.535007,-32.36426,5
19.255617,-32.856445,5
20.624538,-32.144745,5
18.341482,-32.18107,5
18.14842,-32.74617,5
22.332767,-31.941422,5
22.342829,-31.709612,5
22.699228,-31.595488,5
21.3519,-31.908564,5
19.44933,-33.4571,5
21.898855,-32.46258,5
22.226416,-31.629562,5
20.6554,-33.04792,5
19.929949,-32.631165,5
18.46952,-31.889717,5
18.6156,-33.18212,5
22.11943,-32.013023,5
20.989859,-32.827053,5
19.16661,-32.02595,5
18.435844,-31.140215,5
23.36072,-31.556536,5
19.034342,-32.64572,5
19.637333,-33.579674,5
20.330368,-32.012096,5
19.53613,-33.406757,5
18.66091,-32.023922,5
19.764896,-34.35354,5
23.200243,-31.567564,5
18.902735,-33.561348,5
19.002214,-31.95396,5
18.362007,-31.307417,5
18.663586,-32.087162,5
19.287493,-33.27207,5
21.806955,-32.128796,5
-2.4767613,2.1032846,6
-0.8516584,0.09695377,6
-2.8364966,1.2653862,6
-2.3636858,-2.6524034,6
-0.6377964,-2.6143954,6
-0.19353126,-2.210864,6
-0.26830953,-2.402709,6
-0.923198,-2.2394903,6
0.19809212,-0.51898783,6
-2.80667,0.5528263,6
-2.551764,-0.4622184,6
-1.2629567,-2.7431457,6
0.11127043,-0.9293669,6
-0.47853142,-1.0249829,6
-2.0591671,0.31125784,6
-1.6917604,-1.1171505,6
-1.4913186,-2.5517085,6
-1.1235265,-0.45267794,6
-2.8866663,0.60678846,6
-2.777089,0.9827449,6
-1.0221797,-1.9949857,6
-1.2575383,-2.0592678,6
-0.34149092,-0.45175546,6
-0.48544878,-1.2873367,6
-0.64358366,-1.4723217,6
-1.2868123,-0.15984914,6
-3.1585047,0.20265517,6
-2.8751087,-1.5087041,6
-1.7729372,-2.3749053,6
-2.4158792,-1.4443197,6
-1.787183,-0.53974235,6
-0.78136426,-0.597281,6
-3.0269196,0.02281805,6
-2.425707,0.56200236,6
-0.57052195,-0.6810018,6
-0.8343091,-0.8178336,6
-1.9361737,-0.87158805,6
-1.3614403,-2.528577,6
-1.3114254,0.1566407,6
-3.4661136,0.17241584,6
-21.83316,0.78977954,7
-18.34503,3.8611462,7
-17.652796,0.05914925,7
-18.566399,2.5409737,7
-20.200766,-1.217769,7
-16.786055,2.0923526,7
-15.061445,0.09649747,7
-18.709076,-1.0485818,7
-17.584322,2.375001,7
-20.08829,-0.48284814,7
-17.96354,-0.59040856,7
-18.25021,4.0140047,7
-18.919529,-1.2391047,7
-17.331285,2.66508,7
-21.176418,0.1265294,7
-18.113947,-0.49321243,7
-16.921669,2.671627,7
-20.635561,-0.7604751,7
-15.7663765,0.8239117,7
-20.039227,-0.62137157,7
-18.595829,-0.611387,7
-16.43909,0.10316003,7
-15.091493,0.21237992,7
-20.605091,-1.0880404,7
-17.875856,0.6571844,7
-21.228596,-1.049402,7
-17.604038,-0.10222356,7
-15.75381,0.23636019,7
-17.05992,3.4177155,7
-16.212318,-0.7093966,7
-16.434353,1.1130326,7
-17.519651,2.932446,7
-19.525581,2.0559902,7
-19.553085,-1.531881,7
-16.313828,2.4679866,7
-21.112833,-1.5145025,7
-16.098595,1.1573373,7
-18.511255,3.3643322,7
-16.56574,-1.486041,7
-15.904174,-0.94452673,7
-14.427183,-15.257595,8
-13.684786,-16.305834,8
-15.587015,-14.913825,8
-15.645262,-15.307225,8
-15.3782215,-16.77405,8
-10.817584,-18.081196,8
-10.711889,-18.262466,8
-11.983978,-17.231123,8
-12.217094,-17.131313,8
-12.530782,-17.544096,8
-12.656493,-17.998394,8
-12.676827,-16.670654,8
-12.417494,-16.608511,8
-13.484205,-15.977827,8
-15.402374,-16.071735,8
-14.686422,-15.268914,8
-14.507534,-15.828211,8
-15.242846,-18.006565,8
-16.678205,-17.64408,8
-15.915885,-17.19548,8
-16.056732,-16.72394,8
-16.052681,-16.768589,8
-16.274984,-17.288687,8
-15.669147,-16.300434,8
-15.1016035,-15.719196,8
-15.165994,-16.208805,8
-15.718008,-17.136244,8
-15.252413,-17.026775,8
-15.330281,-16.698793,8
-16.209301,-15.800559,8
-16.501816,-17.309843,8
-15.735949,-17.848427,8
-15.364715,-17.631721,8
-14.861522,-17.294712,8
-15.397997,-17.619707,8
-14.969843,-17.465052,8
-14.850158,-17.273983,8
-13.528901,-15.420969,8
-13.05663,-17.122019,8
-14.116933,-17.044643,8
-34.926003,-20.706383,15
-33.074173,-23.176975,15
-33.896008,-22.694607,15
-34.851566,-23.5691,15
-35.50414,-22.77134,15
-33.91827,-22.192045,15
-33.814224,-22.586895,15
-32.64193,-21.973536,15
-35.33103,-23.307556,15
-34.317513,-23.31139,15
-35.89595,-23.004593,15
-33.692974,-22.426302,15
-33.768433,-23.112204,15
-33.905598,-24.184732,15
-35.917755,-22.364592,15
-34.33897,-23.375984,15
-34.84146,-23.541475,15
-35.39261,-21.313593,15
-35.070084,-21.851435,15
-35.545315,-22.094791,15
-34.298325,-22.864376,15
-33.87744,-23.577284,15
-34.322205,-22.072151,15
-33.099117,-23.637217,15
-34.333263,-23.06099,15
-33.928356,-23.379684,15
-35.675423,-22.607403,15
-36.021877,-22.25396,15
-34.956978,-21.414595,15
-34.791473,-21.676758,15
5.0769053,-47.106667,16
6.637005,-49.36873,16
6.8753366,-50.131954,16
5.1606517,-47.07967,16
7.9838123,-50.974136,16
6.033355,-49.68318,16
5.193847,-47.432037,16
6.671572,-50.753166,16
8.368944,-51.178123,16
5.918266,-47.317593,16
4.796188,-47.077866,16
4.5060134,-46.361027,16
6.284109,-49.531136,16
7.2304897,-50.074028,16
8.530037,-51.265984,16
7.729129,-51.90561,16
7.207778,-51.342278,16
8.520761,-51.23723,16
4.582302,-46.382717,16
5.3005223,-47.544067,16
7.028678,-50.216568,16
6.583711,-50.77122,16
8.225291,-50.491955,16
5.7697525,-49.08852,16
3.6345856,-47.54502,16
6.781054,-51.153175,16
8.067186,-50.262146,16
3.9404018,-47.20659,16
7.038817,-49.652794,16
7.401347,-49.617817,16
23.465034,7.711046,17
23.735369,7.87259,17
23.2614,7.602522,17
22.337358,4.8104515,17
22.767864,7.123847,17
23.307762,6.2183266,17
22.430967,7.0156364,17
23.090977,6.283388,17
22.20557,6.948114,17
21.389729,6.397781,17
22.430176,7.4959435,17
22.880621,7.0025363,17
21.642483,4.8601375,17
21.670973,4.996174,17
23.323488,6.2712746,17
22.114265,5.1700883,17
22.722548,7.079919,17
21.874308,5.0671306,17
21.752007,6.84367,17
21.967031,5.7800407,17
22.739237,6.2677655,17
21.582943,5.0590034,17
21.894821,6.555242,17
23.1628,8.048268,17
21.9926,7.3972073,17
21.483961,7.299823,17
21.353363,5.128929,17
22.594303,4.6442957,17
21.864891,5.341899,17
21.726498,5.129825,17
13.508763,27.450766,18
16.569202,31.17155,18
13.605028,27.31947,18
11.805929,30.080574,18
17.035305,31.290485,18
13.973483,27.30793,18
13.9379635,31.0033,18
12.0821085,29.05507,18
15.846419,31.166216,18
17.119608,31.318142,18
11.005051,30.279024,18
17.14733,31.313467,18
11.699871,28.774145,18
15.062066,28.523024,18
12.792855,30.406052,18
17.328796,31.395288,18
13.785853,26.861147,18
13.136515,30.843298,18
11.398326,29.732685,18
13.278337,28.592243,18
16.286242,31.089495,18
13.014022,28.404371,18
13.283891,30.951286,18
16.440426,30.99352,18
11.746938,28.54792,18
13.0832815,29.018974,18
12.956657,31.079578,18
12.846862,27.922998,18
13.224638,31.274847,18
12.75258,27.932423,18
0.19831167,18.935812,19
0.5692869,18.941963,19
0.19098964,19.44974,19
-0.12472378,19.431328,19
1.2487246,16.830774,19
0.433881,18.144464,19
1.6171422,16.66784,19
1.5535164,15.767911,19
0.6094477,16.974285,19
1.2622051,15.364432,19
1.1124592,15.569148,19
0.6261814,15.305699,19
2.4133027,19.001232,19
0.013196183,18.885208,19
1.0490464,17.863207,19
-0.4439255,18.928432,19
0.06757975,17.549507,19
-0.7903411,19.046545,19
-1.289643,18.494997,19
1.2205049,19.105247,19
-0.9933334,18.038616,19
-0.8763729,16.584038,19
0.6262021,20.02228,19
-0.08769863,17.94717,19
-0.05146794,17.226562,19
-0.14334719,17.611914,19
0.016082665,18.049088,19
-0.22500804,17.578154,19
1.1809814,19.607344,19
0.19413103,17.750942,19
