epoch,train_loss,train_acc,val_loss,val_acc,val_f1,elapsed_seconds
1,1.526334,0.537173,1.130211,0.643855,0.632514,9.365085
2,0.914452,0.710099,0.866356,0.723464,0.724325,11.522446
3,0.734585,0.761228,0.573694,0.800978,0.789590,8.705070
4,0.643800,0.781908,0.522840,0.818436,0.814551,9.258475
5,0.568177,0.814007,0.413102,0.872207,0.873862,8.682319
6,0.523043,0.827328,0.360700,0.875000,0.875407,8.572311
7,0.476377,0.838112,0.319881,0.898045,0.899453,9.024722
8,0.472471,0.837858,0.258890,0.919693,0.918488,9.373339
9,0.433850,0.853590,0.264662,0.907821,0.908666,10.107225
10,0.403313,0.863740,0.301222,0.900838,0.900776,10.243722
11,0.396694,0.867546,0.306746,0.894553,0.896141,10.378867
12,0.391954,0.870972,0.214148,0.930168,0.928459,10.051187
13,0.384330,0.870337,0.250316,0.923184,0.924395,10.165298
14,0.364564,0.874524,0.225110,0.931564,0.932202,10.467564
15,0.340749,0.882263,0.203429,0.929469,0.930300,11.354316
16,0.365792,0.878965,0.236871,0.916201,0.914898,10.554543
17,0.330293,0.889749,0.205162,0.925279,0.924810,10.483942
18,0.321427,0.891018,0.183356,0.933659,0.933792,10.689364
19,0.311097,0.895204,0.199364,0.933659,0.931576,10.492068
20,0.291086,0.899899,0.176453,0.945531,0.946409,10.855822
21,0.286812,0.901040,0.197211,0.935754,0.935562,11.448990
22,0.294580,0.899391,0.153550,0.955307,0.954115,11.145072
23,0.271281,0.908399,0.192922,0.938547,0.939586,11.008674
24,0.283533,0.901421,0.153424,0.951117,0.951453,11.240390
25,0.289652,0.901040,0.133905,0.951816,0.950701,11.672220
26,0.278197,0.904212,0.181278,0.938547,0.938850,14.003069
27,0.260761,0.911063,0.117248,0.967877,0.968616,18.753716
28,0.263221,0.910556,0.147280,0.953212,0.953269,14.296821
29,0.216462,0.926795,0.130825,0.956704,0.958239,14.258579
30,0.218291,0.923370,0.122838,0.961592,0.962768,15.896722
31,0.220647,0.920452,0.109243,0.969972,0.968896,14.911087
32,0.256297,0.913981,0.160785,0.948324,0.947829,13.268368
33,0.257855,0.910175,0.163761,0.944832,0.945500,11.138514
34,0.225612,0.922735,0.111211,0.963687,0.963147,11.387659
35,0.213539,0.927556,0.092938,0.971369,0.971460,11.221108
36,0.253906,0.912205,0.111600,0.965084,0.964877,11.940361
37,0.190199,0.935930,0.093850,0.974162,0.972921,11.497692
38,0.195104,0.934915,0.077737,0.976955,0.977080,12.827213
39,0.197672,0.932251,0.091471,0.974860,0.974772,13.053827
40,0.222341,0.926288,0.098840,0.969274,0.970445,13.089935
41,0.219264,0.926922,0.098224,0.967877,0.967663,11.482080
42,0.211418,0.930728,0.086573,0.975559,0.974447,12.103886
43,0.176675,0.940497,0.066974,0.979050,0.978889,11.710602
44,0.194296,0.933012,0.104749,0.956704,0.957248,11.166109
45,0.223739,0.925653,0.071107,0.977654,0.977258,10.945973
46,0.173231,0.938721,0.106294,0.966480,0.966360,12.208913
47,0.198918,0.931489,0.071840,0.982542,0.982116,11.142571
48,0.185595,0.936818,0.112621,0.965782,0.965026,11.383681
49,0.170997,0.941893,0.074508,0.977654,0.978269,11.510759
50,0.176022,0.941512,0.076119,0.976257,0.976316,11.343996
51,0.197940,0.929206,0.058907,0.981145,0.981526,11.761408
52,0.161221,0.943542,0.075120,0.974860,0.975019,11.826495
53,0.137735,0.952677,0.081993,0.974162,0.974359,11.557660
54,0.151889,0.945445,0.052147,0.988128,0.987911,11.147087
55,0.169136,0.938214,0.066165,0.984637,0.985001,11.617083
56,0.175337,0.940497,0.073291,0.976955,0.976958,11.088607
57,0.178356,0.936311,0.095436,0.964385,0.965024,11.579561
58,0.162971,0.941512,0.052896,0.985335,0.985544,11.150900
59,0.162427,0.940624,0.052374,0.986034,0.985837,11.568119
60,0.156771,0.948998,0.055979,0.985335,0.985904,12.136249
61,0.158523,0.944303,0.062167,0.976257,0.976550,11.216674
62,0.149782,0.950013,0.069915,0.979749,0.979560,11.320799
63,0.128257,0.954834,0.063821,0.979749,0.979856,11.682906
64,0.141364,0.953184,0.053671,0.982542,0.982649,11.321536
65,0.148352,0.947983,0.048394,0.986732,0.986188,12.216748
66,0.139547,0.951662,0.066977,0.977654,0.977396,12.480027
67,0.149192,0.947856,0.056190,0.980447,0.980873,13.620521
68,0.137842,0.950901,0.052802,0.984637,0.984687,13.407696
69,0.184166,0.936691,0.056144,0.981844,0.982152,13.747020
70,0.131594,0.955214,0.036396,0.988128,0.987427,12.301570
71,0.156301,0.946207,0.092613,0.969972,0.971607,12.765594
72,0.156765,0.945192,0.044666,0.987430,0.986981,19.650872
73,0.132382,0.956737,0.039510,0.983939,0.983135,27.804817
74,0.132847,0.953058,0.045918,0.986732,0.986374,27.079179
75,0.148533,0.950393,0.047976,0.986034,0.985545,23.519308
76,0.109283,0.959909,0.044338,0.986732,0.986795,36.667524
77,0.146415,0.951535,0.042515,0.990223,0.990427,44.121875
78,0.162084,0.947222,0.057003,0.983939,0.983651,37.177218
79,0.132046,0.954073,0.063335,0.980447,0.980767,36.992025
80,0.108344,0.962827,0.039114,0.989525,0.990017,35.246778
81,0.101224,0.965237,0.037898,0.989525,0.989004,22.866630
82,0.104631,0.965364,0.025450,0.992318,0.992318,25.799884
83,0.096678,0.966506,0.051751,0.983939,0.984215,23.700202
84,0.130366,0.955595,0.032900,0.991620,0.991353,26.914440
85,0.108161,0.963207,0.034956,0.993017,0.992851,19.659759
86,0.119599,0.958767,0.038605,0.989525,0.989465,16.658228
87,0.117990,0.958259,0.026240,0.990223,0.990007,27.404267
88,0.120368,0.956864,0.038883,0.989525,0.989155,24.134719
89,0.128988,0.958132,0.034733,0.990223,0.989529,21.939857
90,0.091856,0.966760,0.033148,0.991620,0.991218,31.463231
91,0.104350,0.963080,0.027952,0.992318,0.992009,36.467576
92,0.136329,0.955595,0.053282,0.986034,0.986335,41.538030
93,0.106830,0.963080,0.031855,0.990223,0.990098,52.069997
94,0.096005,0.968155,0.025491,0.990922,0.990741,32.047133
95,0.095223,0.966252,0.046790,0.985335,0.985570,29.794664
96,0.101786,0.967140,0.038254,0.988827,0.988692,30.630758
97,0.143183,0.950774,0.045401,0.986034,0.986949,44.194006
98,0.119908,0.958767,0.028800,0.990922,0.990721,31.843888
99,0.101765,0.965237,0.050281,0.988128,0.986912,16.801905
100,0.118188,0.958006,0.044704,0.986732,0.986410,16.601272
