time,ax_g,ay_g,az_g,gx_dps,gy_dps,gz_dps,label
0.0,0.54773,0.59558,0.77869,-173.05344,31.77099,100.62595,G3
0.02,0.5638061538461537,0.5323492307692309,0.7768669230769231,-173.44333,24.785673076923086,100.30769538461539,G3
0.04,0.5938779899497487,0.4733014070351759,0.7627954271356785,-172.4596298994975,21.50684969849246,100.4589320603015,G3
0.06,0.5906707174887893,0.4435933632286996,0.7441839461883408,-170.34607829596413,23.589909910313896,99.76290959641256,G3
0.08,0.5788433333333334,0.4236111111111111,0.7239688888888889,-167.45037333333335,28.91603222222222,97.3927,G3
0.1,0.5485025405405406,0.41591054054054055,0.6900053513513514,-163.69556437837838,36.271673783783775,93.0483983783784,G3
0.12,0.5041953968253969,0.398906507936508,0.6554103174603175,-161.09995984126985,39.23276619047619,89.44868793650795,G3
0.14,0.46067941860465117,0.3339658720930233,0.6255306976744186,-159.59062290697673,36.369430813953485,86.51801970930232,G3
0.16,0.44290964071856287,0.22421604790419167,0.6063501796407186,-158.11062718562874,28.120220059880246,84.4916571257485,G3
0.18,0.465765909090909,0.12177272727272766,0.6004845454545454,-154.62664636363635,21.830670000000023,82.82928636363637,G3
0.2,0.46810830409356724,0.1082973099415205,0.6063245614035088,-153.41332771929822,22.103028479532163,82.48051555555556,G3
0.22,0.46934612085769983,0.09839867446393764,0.6125584795321637,-152.3092107602339,22.6238393957115,82.18588592592593,G3
0.24,0.47058393762183237,0.08850003898635479,0.6187923976608187,-151.2050938011696,23.144650311890835,81.89125629629629,G3
0.26,0.4718217543859649,0.07860140350877193,0.6250263157894737,-150.10097684210524,23.665461228070175,81.59662666666667,G3
0.28,0.4730595711500975,0.06870276803118906,0.6312602339181287,-148.9968598830409,24.186272144249514,81.30199703703703,G3
0.3,0.47154052863436124,0.06640572687224669,0.6337706718061674,-148.20906634361234,25.14145797356828,81.03280645374448,G3
0.32,0.4694568281938326,0.06566563876651982,0.6355184691629956,-147.48606193832597,26.185612158590306,80.76882627753304,G3
0.34,0.467373127753304,0.06492555066079295,0.6372662665198238,-146.76305753303964,27.229766343612333,80.50484610132158,G3
0.36,0.46528942731277534,0.06418546255506608,0.6390140638766519,-146.0400531277533,28.27392052863436,80.24086592511013,G3
0.38,0.4632057268722467,0.0634453744493392,0.6407618612334802,-145.31704872246695,29.318074713656387,79.97688574889867,G3
0.4,0.46112202643171807,0.06270528634361233,0.6425096585903084,-144.59404431718062,30.36222889867841,79.71290557268722,G3
0.42,0.45903832599118943,0.06196519823788546,0.6442574559471366,-143.8710399118943,31.406383083700437,79.44892539647577,G3
0.44,0.4569546255506608,0.06122511013215859,0.6460052533039647,-143.14803550660793,32.450537268722464,79.18494522026431,G3
0.46,0.45487092511013216,0.06048502202643172,0.647753050660793,-142.4250311013216,33.494691453744494,78.92096504405286,G3
0.48,0.42158493975903627,0.07872469879518065,0.6398134939759037,-136.8915751807229,42.65391072289154,76.05444289156627,G3
0.5,0.36330187134502945,0.10924596491228067,0.6013882456140354,-131.1652095906433,48.49328502923977,68.71818415204682,G3
0.52,0.31344658682634735,0.09910263473053899,0.5525414970059881,-129.03341628742515,44.44713880239522,61.02939263473055,G3
0.54,0.2840604081632653,0.031025918367347007,0.5355891836734694,-128.2163414285714,31.91151312925171,55.01666897959184,G3
0.56,0.3002856250000001,-0.08117562500000017,0.5212516666666667,-126.97487249999999,15.86927645833331,52.233461041666665,G3
0.58,0.3396237671232875,-0.1276166438356164,0.5017807534246577,-121.7558317123288,8.475582808219187,51.632856506849315,G3
0.6,0.36669884615384607,-0.09281782051282077,0.479473653846154,-114.56361685897438,11.180956666666642,50.06508365384616,G3
0.62,0.35515928104575184,-0.06096522875816981,0.4337166013071897,-107.65414588235296,19.29242411764704,47.41675366013072,G3
0.64,0.3143832203389831,-0.11484389830508465,0.4043969491525424,-103.41389762711864,21.95419779661017,46.08254118644068,G3
0.66,0.2964239606126915,-0.16967658643326042,0.39410120350109407,-101.4097587964989,21.06188332603939,45.86095380743982,G3
0.68,0.29351367614879653,-0.18711859956236326,0.3924710065645514,-100.64138899343544,20.300196236323853,45.85761463894967,G3
0.7000000000000001,0.2906033916849015,-0.20456061269146614,0.39084080962800877,-99.87301919037199,19.538509146608313,45.85427547045952,G3
0.72,0.2876931072210066,-0.22200262582056887,0.3892106126914661,-99.10464938730854,18.776822056892783,45.85093630196936,G3
0.74,0.28478282275711164,-0.23944463894967172,0.3875804157549234,-98.33627958424508,18.015134967177246,45.84759713347921,G3
0.76,0.284857844212836,-0.2449560285244103,0.38661226001097093,-97.77245871091607,17.672205617114646,45.80264212287438,G3
0.78,0.28519245748765776,-0.2494299725726824,0.3857016730663741,-97.22642470104223,17.36568998354361,45.75406834339002,G3
0.8,0.28552707076247946,-0.25390391662095446,0.3847910861217773,-96.6803906911684,17.059174349972572,45.70549456390565,G3
0.8200000000000001,0.28586168403730117,-0.2583778606692266,0.3838804991771805,-96.13435668129456,16.752658716401534,45.65692078442128,G3
0.84,0.28619629731212287,-0.26285180471749864,0.38296991223258364,-95.58832267142074,16.4461430828305,45.60834700493692,G3
0.86,0.28653091058694463,-0.2673257487657707,0.3820593252879868,-95.0422886615469,16.139627449259464,45.55977322545255,G3
0.88,0.28686552386176634,-0.27179969281404276,0.38114873834339,-94.49625465167306,15.833111815688426,45.51119944596819,G3
0.9,0.28720013713658804,-0.2762736368623149,0.3802381513987932,-93.95022064179922,15.52659618211739,45.46262566648382,G3
0.92,0.2875347504114098,-0.28074758091058694,0.37932756445419635,-93.40418663192538,15.220080548546353,45.41405188699945,G3
0.9400000000000001,0.28826358108108113,-0.27949327702702703,0.37337358108108104,-89.959462027027,15.301478716216218,44.7485539527027,G3
0.96,0.2875355688622755,-0.27395790419161675,0.3630653293413174,-84.59323035928145,16.465696107784428,43.47945323353294,G3
0.98,0.2819321111111111,-0.2705281666666667,0.351501,-78.88168283333333,19.046140111111114,41.79008094444444,G3
1.0,0.2746098888888889,-0.27554483333333335,0.34540099999999996,-75.44656616666667,20.963017888888892,40.64504205555556,G3
1.02,0.24654827586206884,-0.2955729655172415,0.32596020689655164,-69.00553310344826,23.199154965517252,38.47380965517241,G3
1.04,0.2124370731707315,-0.3412665040650409,0.31488739837398366,-62.05560772357719,21.844476910569085,35.89648300813006,G3
1.06,0.18624136690647475,-0.37377388489208646,0.30376395683453233,-53.5442882014388,16.844745827338098,32.91690899280574,G3
1.08,0.20225776223776223,-0.3891381818181818,0.31187580419580424,-45.91074671328669,12.07836468531468,30.54513419580419,G3
1.1,0.21044921052631582,-0.3917488815789474,0.30907131578947367,-37.92878618421051,10.929690592105265,28.549820197368415,G3
1.12,0.21196468208092484,-0.40345710982658967,0.3059665317919076,-30.55005768786124,14.203771387283258,26.6192516184971,G3
1.1400000000000001,0.20666439999999997,-0.4108144,0.3066052,-27.76549199999999,16.260154000000007,25.802752399999996,G3
1.16,0.2013865621621622,-0.4145095351351351,0.30573384864864867,-26.458292000000004,17.395699945945942,25.3505124,G3
1.18,0.19610872432432433,-0.41820467027027025,0.3048624972972973,-25.151092000000006,18.53124589189189,24.8982724,G3
1.2,0.1908308864864865,-0.4218998054054054,0.30399114594594595,-23.843892000000004,19.666791837837835,24.4460324,G3
1.22,0.1844322781065089,-0.42600085798816567,0.3028300887573964,-22.28081414201184,20.88368411242603,23.8494500887574,G3
1.24,0.16940860946745565,-0.4332257100591716,0.29943955621301777,-18.748589289940835,22.726589437869816,22.14205955621302,G3
1.26,0.15907482132728304,-0.43753862166761204,0.2972778615995462,-16.433432915484968,23.76712174134997,20.991011503119683,G3
1.28,0.15508616562677255,-0.43791184912081677,0.29677871242200793,-15.764898598979013,23.722090544526374,20.592662098695406,G3
1.3,0.15109750992626206,-0.43828507657402155,0.29627956324446963,-15.096364282473056,23.677059347702777,20.194312694271126,G3
1.32,0.14710885422575154,-0.43865830402722633,0.29578041406693134,-14.4278299659671,23.632028150879183,19.79596328984685,G3
1.34,0.14312019852524105,-0.43903153148043106,0.2952812648893931,-13.759295649461142,23.586996954055586,19.397613885422572,G3
1.36,0.13913154282473056,-0.43940475893363584,0.2947821157118548,-13.090761332955186,23.54196575723199,18.999264480998296,G3
1.3800000000000001,0.13514288712422004,-0.4397779863868406,0.2942829665343165,-12.422227016449229,23.49693456040839,18.60091507657402,G3
1.4000000000000001,0.13115423142370955,-0.4401512138400454,0.2937838173567782,-11.753692699943272,23.451903363584798,18.202565672149742,G3
1.42,0.1271655757231991,-0.44052444129325014,0.2932846681792399,-11.085158383437323,23.4068721667612,17.80421626772547,G3
1.44,0.10672999999999999,-0.43953000000000003,0.3039966666666667,-7.2417300000000004,21.00763,14.921119999999998,G3
1.46,0.08577285714285714,-0.4320596428571429,0.32993264285714285,-1.0545248571428534,13.723228571428566,9.176555785714282,G3
1.48,0.10486513513513505,-0.4221567567567568,0.3465535135135135,3.2822397297297177,3.283059729729758,4.19971283783785,G3
1.5,0.12102729729729719,-0.4197648648648649,0.3497697297297297,5.706415405405389,-2.4627645945945575,1.8683682432432582,G3
1.52,0.16682548387096768,-0.42688780645161284,0.34474767741935486,10.657668967741925,-9.984143419354833,-1.5498691612903182,G3
1.54,0.19701795454545457,-0.4531211363636364,0.35366000000000003,16.918803409090913,-10.968081363636362,-3.9018050000000013,G3
1.56,0.2025880555555556,-0.47919097222222223,0.38263243055555546,25.9076572222222,-4.611850902777798,-6.566156111111103,G3
1.58,0.18798067669172927,-0.4685042105263157,0.4087752631578948,35.65436578947372,3.5117958646616834,-10.56132932330829,G3
1.6,0.16611586206896553,-0.43534172413793104,0.4280192873563219,44.209981816091954,7.768884183908047,-15.88789772413793,G3
1.62,0.1645066666666667,-0.4301233333333333,0.4306384444444445,44.977436222222224,7.628496444444445,-16.557079333333334,G3
1.6400000000000001,0.16289747126436782,-0.4249049425287356,0.4332576015325671,45.74489062835249,7.488108704980843,-17.226260942528736,G3
1.6600000000000001,0.16128827586206898,-0.41968655172413794,0.4358767586206897,46.51234503448276,7.347720965517242,-17.895442551724138,G3
1.68,0.15967908045977014,-0.4144681609195403,0.43849591570881225,47.27979944061302,7.207333226053642,-18.564624160919532,G3
1.7,0.15806988505747127,-0.40924977011494257,0.44111507279693485,48.04725384674329,7.06694548659004,-19.233805770114934,G3
1.72,0.15646068965517243,-0.4040313793103449,0.44373422988505745,48.81470825287356,6.926557747126438,-19.90298737931034,G3
1.74,0.15581479532163742,-0.39685684210526323,0.4468193859649123,49.77702160818713,6.3584195029239865,-20.86986818713449,G3
1.76,0.15617152046783625,-0.3876463157894738,0.4503895614035088,50.942147339181275,5.345071549707612,-22.14659918128654,G3
1.78,0.15652824561403508,-0.3784357894736843,0.4539597368421053,52.10727307017543,4.331723596491237,-23.423330175438586,G3
1.8,0.1571299358151476,-0.3692645314505777,0.4577537355584082,53.243246187419764,3.3012347240051443,-24.683674390243898,G3
1.82,0.16098616174582797,-0.3606149807445443,0.4645213863928113,53.991906007702184,2.0430164955070627,-25.726308536585364,G3
1.84,0.16484238767650836,-0.3519654300385109,0.47128903722721444,54.7405658279846,0.7847982670089815,-26.768942682926834,G3
1.86,0.16869861360718874,-0.3433158793324774,0.47805668806161755,55.489225648267016,-0.47341996148910015,-27.8115768292683,G3
1.8800000000000001,0.17675101910828056,-0.3321806369426749,0.4884575159235672,56.68546681528666,-2.6788538216561246,-29.42733089171979,G3
1.9000000000000001,0.2148619148936171,-0.32532638297872346,0.5113295744680851,60.01136787234043,-9.045311702127668,-33.361700638297876,G3
1.92,0.26180417910447756,-0.3451112437810945,0.5283041791044776,63.08745975124378,-10.984009651741294,-35.151035323383084,G3
1.94,0.311331948051948,-0.3368083116883117,0.5325358441558441,68.16972532467533,-7.342121818181822,-36.1838012987013,G3
1.96,0.32311732824427497,-0.2646783969465653,0.5176480916030535,77.08000770992362,1.909210305343466,-38.20278267175571,G3
1.98,0.28447561797752835,-0.19606640449438234,0.5144312359550561,83.74697853932582,7.487091797752796,-40.61943674157302,G3
2.0,0.23426559322033974,-0.1323096610169501,0.5227381355932201,88.05602406779657,7.07762940677974,-43.63953788135588,G3
2.02,0.18699471999999992,-0.042403840000000005,0.53026616,90.36311504000001,-9.515851679999969,-49.26448736,G3
2.04,0.2405663013698629,-0.05561634703196339,0.5344917808219177,88.77046643835617,-28.716997899543358,-50.85363630136987,G3
2.06,0.2899556393744252,-0.0928539466421345,0.54272,87.99188074517019,-35.98312787488501,-50.55100460901564,G3
2.08,0.30525094756209775,-0.10745376264949426,0.54272,88.17446952161913,-36.188189512419505,-50.292572226310945,G3
2.1,0.3205462557497703,-0.12205357865685401,0.54272,88.35705829806808,-36.393251149954004,-50.034139843606255,G3
2.12,0.3358415639374428,-0.13665339466421375,0.54272,88.53964707451702,-36.5983127874885,-49.77570746090156,G3
2.14,0.35113687212511535,-0.1512532106715735,0.54272,88.72223585096596,-36.803374425023,-49.51727507819687,G3
2.16,0.3664321803127879,-0.16585302667893326,0.54272,88.9048246274149,-37.00843606255751,-49.25884269549218,G3
2.18,0.37493380235602114,-0.17130270942408388,0.5393738612565444,89.59251380235604,-35.69352918193713,-49.241873213350786,G3
2.2,0.3822832787958117,-0.1752006151832462,0.5354602486910993,90.36586327879583,-34.1208498625654,-49.26585357984293,G3
2.22,0.3896327552356023,-0.1790985209424085,0.5315466361256543,91.13921275523562,-32.54817054319367,-49.28983394633508,G3
2.24,0.39698223167539287,-0.1829964267015708,0.5276330235602094,91.91256223167541,-30.975491223821944,-49.313814312827226,G3
2.2600000000000002,0.4043317081151835,-0.18689433246073311,0.5237194109947643,92.68591170811521,-29.402811904450214,-49.33779467931937,G3
2.2800000000000002,0.41168118455497404,-0.1907922382198954,0.5198057984293193,93.459261184555,-27.830132585078488,-49.36177504581152,G3
2.3000000000000003,0.4190306609947646,-0.19469014397905773,0.5158921858638743,94.2326106609948,-26.257453265706758,-49.385755412303666,G3
2.32,0.4217142957746478,-0.19117130281690123,0.5087531690140844,96.56412778169019,-21.786688204225257,-49.940865704225374,G3
2.34,0.4073621830985917,-0.16057271126760586,0.4898376760563382,104.5847686267605,-6.734540316901523,-52.435217816901385,G3
2.36,0.33294571428571657,-0.07748365079365321,0.4996222222222218,117.96824761904725,14.2168947619042,-58.67490936507919,G3
2.38,0.24814246268656867,0.0046103731343269255,0.5334787313432828,127.2915533582088,23.95043962686554,-64.94656582089542,G3
2.4,0.170114302325582,0.10576441860465015,0.5714948837209299,134.8750236046511,23.109534534883792,-72.30285767441853,G3
2.42,0.1350751388888891,0.21379208333333197,0.6137468055555549,137.94253902777774,-0.9898230555551173,-79.57039472222213,G3
2.44,0.16889190140845078,0.24361500000000005,0.6085875352112676,136.05547838028167,-21.809915915492986,-81.21040528169014,G3
2.46,0.2680949999999997,0.25307,0.5808518181818183,132.4510781818182,-49.51977636363629,-82.03262136363637,G3
2.48,0.49374399999999685,0.1847545000000011,0.5804739999999999,132.26488699999987,-57.86183150000035,-81.03205700000004,G3
2.5,0.5997566666666659,0.17738864197530807,0.5693495061728399,144.08199135802445,-28.16228530864256,-80.02299172839506,G3
2.52,0.5494364480874332,0.25879038251365927,0.5853755737704913,160.24534918032754,6.627037540982883,-83.88820868852449,G3
2.54,0.522752912844037,0.2831581880733942,0.6025647935779813,164.10087247706417,14.012884610091675,-85.39722926605504,G3
2.56,0.502259029051988,0.2985572706422016,0.6187284021406725,166.30224250764522,17.822675129969358,-86.47573691131497,G3
2.58,0.4817651452599391,0.31395635321100895,0.6348920107033637,168.50361253822626,21.632465649847042,-87.55424455657491,G3
2.6,0.4612712614678901,0.32935543577981635,0.6510556192660548,170.7049825688073,25.44225616972473,-88.63275220183485,G3
2.62,0.44077737767584113,0.3447545183486237,0.667219227828746,172.90635259938836,29.252046689602412,-89.7112598470948,G3
2.64,0.42028349388379216,0.3601536009174311,0.6833828363914372,175.1077226299694,33.0618372094801,-90.78976749235473,G3
2.66,0.4009085084033614,0.37458728991596635,0.6993788655462184,176.95092892857144,35.811018760504204,-91.78758115546218,G3
2.68,0.38365780812324923,0.38718813025210086,0.7150567366946778,178.11414321428572,36.546580385154066,-92.63219320028011,G3
2.7,0.3664071078431371,0.3997889705882354,0.7307346078431374,179.27735750000002,37.28214200980393,-93.47680524509805,G3
2.72,0.349156407563025,0.41238981092436994,0.7464124789915968,180.4405717857143,38.017703634453795,-94.32141728991597,G3
2.74,0.33190570728291285,0.42499065126050445,0.7620903501400563,181.6037860714286,38.75326525910366,-95.1660293347339,G3
2.7600000000000002,0.3146550070028007,0.43759149159663896,0.7777682212885157,182.7670003571429,39.48882688375352,-96.01064137955184,G3
2.7800000000000002,0.2974043067226886,0.45019233193277347,0.7934460924369753,183.93021464285718,40.22438850840338,-96.85525342436976,G3
2.8000000000000003,0.27700187499999906,0.474406250000002,0.8181567788461556,184.94826076923079,37.84189735576881,-98.02627937500007,G3
2.82,0.25538929824561374,0.5419814035087714,0.8746361403508769,184.3913259649123,20.85603666666691,-99.80474298245616,G3
2.84,0.3089999999999995,0.5875546666666666,0.9183151999999998,177.41272026666672,-9.11816813333317,-97.7357790666667,G3
2.86,0.43787942028985705,0.5869339130434781,0.9528550724637684,167.65393826086944,-31.377587681159618,-95.06914797101447,G3
2.88,0.5282261538461532,0.5923172307692307,0.9439655384615386,164.23088761538463,-30.51814569230772,-94.69689015384616,G3
2.9,0.6105374999999978,0.6230791666666654,0.9192933333333342,163.38994875,-15.970098750000599,-94.80152333333334,G3
2.92,0.5802053103448283,0.6856002758620686,0.9284812413793101,166.86748365517238,10.01316427586197,-95.2439064827586,G3
2.94,0.469984743589744,0.7552691025641023,0.9753785897435896,170.67450025641025,20.941865769230763,-96.10138884615384,G3
2.96,0.4146200000000005,0.8102579792746106,1.0063903108808288,170.23501901554408,13.259659222798126,-95.1174296891192,G3
2.98,0.4350986619718297,0.8400462676056341,1.0126511971830987,162.73132281690155,-9.224494225351869,-90.3983376056339,G3
3.0,0.5083097390007457,0.8261840119313945,0.9980982177479493,155.35721319164804,-22.880691483967187,-85.2767155406413,G3
3.02,0.5191613422818792,0.8238365100671141,0.9942563087248322,154.60125644295303,-23.115220939597314,-84.50709436241611,G3
3.04,0.5300129455630127,0.8214890082028337,0.9904143997017151,153.84529969425802,-23.349750395227442,-83.7374731841909,G3
3.06,0.5408645488441461,0.8191415063385533,0.9865724906785981,153.08934294556303,-23.584279850857566,-82.9678520059657,G3
3.08,0.5517161521252797,0.8167940044742729,0.982730581655481,152.33338619686802,-23.818809306487694,-82.19823082774049,G3
3.1,0.5625677554064131,0.8144465026099925,0.9788886726323639,151.577429448173,-24.05333876211782,-81.42860964951528,G3
3.12,0.5734193586875467,0.8120990007457122,0.9750467636092468,150.821472699478,-24.28786821774795,-80.65898847129009,G3
3.14,0.5783939910884788,0.8116351113940166,0.9697335518777849,150.39314194143859,-23.594512081476765,-80.01761409293444,G3
3.16,0.5794506429026098,0.8124269637173774,0.9634394716740929,150.18322851050286,-22.282565550604705,-79.4617375811585,G3
3.18,0.580507294716741,0.8132188160407384,0.957145391470401,149.97331507956716,-20.970619019732645,-78.90586106938255,G3
3.2,0.5815639465308721,0.8140106683640993,0.950851311266709,149.76340164863143,-19.65867248886059,-78.34998455760662,G3
3.22,0.5826205983450032,0.8148025206874602,0.944557231063017,149.55348821769573,-18.34672595798853,-77.79410804583067,G3
3.24,0.5836772501591344,0.8155943730108212,0.9382631508593251,149.34357478676003,-17.03477942711647,-77.23823153405473,G3
3.2600000000000002,0.5847339019732655,0.816386225334182,0.9319690706556332,149.1336613558243,-15.722832896244412,-76.6823550222788,G3
3.2800000000000002,0.5857905537873966,0.817178077657543,0.9256749904519412,148.9237479248886,-14.410886365372354,-76.12647851050285,G3
3.3000000000000003,0.5781638922155686,0.8259854191616769,0.9223279491017963,149.1324399251497,-10.950179476047818,-75.56586601796405,G3
3.3200000000000003,0.567565089820359,0.8375363173652698,0.9199896257485028,149.4844129790419,-6.753990853293307,-75.00363248502993,G3
3.34,0.5569662874251496,0.8490872155688625,0.9176513023952095,149.83638603293412,-2.55780223053889,-74.44139895209581,G3
3.36,0.528598034682081,0.8792767630057803,0.9153469942196532,150.224506300578,4.270749132947959,-74.07112699421965,G3
3.38,0.48170375000000065,0.9331177499999992,0.9083767500000002,149.51030025000003,10.58206224999996,-73.90687,G3
3.4,0.47226812154696124,0.9621072375690608,0.8736404972375691,142.6810340883978,2.959895138121562,-67.87389928176798,G3
3.42,0.4823841436464088,0.9579249171270718,0.8699333149171271,140.85066392265196,0.9692542541436606,-65.20003187845306,G3
3.44,0.49820414965986354,0.9513774829931975,0.8615761224489799,138.69149176870752,0.4304891156462113,-61.39055612244907,G3
3.46,0.5164941509433962,0.9387832075471698,0.8400341509433963,136.102261509434,7.823704716981096,-54.81953301886794,G3
3.48,0.5078161776061775,0.9327258301158301,0.8263832046332046,135.07919335907337,17.43511548262555,-50.819417027027,G3
3.5,0.46669934306569294,0.9317021167883213,0.8196114598540146,134.80068635036497,29.85301452554755,-47.03950583941603,G3
3.52,0.36584083333333184,0.9505575000000005,0.8349508333333336,134.5241791666666,40.400767499999986,-43.81552416666664,G3
3.54,0.29861809160305336,0.9764488167938932,0.8487923282442748,132.45445667938932,39.225159580152656,-42.75129396946564,G3
3.56,0.29046541984732815,0.9815041603053435,0.8503285877862595,131.63574103053435,37.6197759923664,-42.626011526717555,G3
3.58,0.282312748091603,0.9865595038167939,0.8518648473282443,130.81702538167937,36.014392404580136,-42.50072908396947,G3
3.6,0.2741600763358778,0.9916148473282443,0.853401106870229,129.99830973282442,34.40900881679388,-42.37544664122137,G3
3.62,0.2660074045801526,0.9966701908396947,0.8549373664122137,129.17959408396945,32.803625229007615,-42.250164198473286,G3
3.64,0.2585532983193277,1.0014957352941176,0.8565021428571429,128.3755551470588,31.19953304621847,-42.12778773109244,G3
3.66,0.25738628151260506,1.0042530882352942,0.8583235714285714,127.70360661764704,29.607063508403346,-42.03156504201681,G3
3.68,0.25621926470588235,1.0070104411764706,0.8601449999999999,127.03165808823528,28.01459397058822,-41.93534235294118,G3
3.7,0.25505224789915965,1.009767794117647,0.8619664285714286,126.35970955882351,26.422124432773096,-41.839119663865546,G3
3.72,0.253885231092437,1.0125251470588237,0.8637878571428571,125.68776102941176,24.829654894957972,-41.742896974789915,G3
3.74,0.2527182142857143,1.0152825,0.8656092857142857,125.0158125,23.23718535714285,-41.64667428571428,G3
3.7600000000000002,0.2515511974789916,1.0180398529411765,0.8674307142857143,124.34386397058823,21.644715819327722,-41.55045159663866,G3
3.7800000000000002,0.2503841806722689,1.0207972058823531,0.8692521428571428,123.67191544117647,20.0522462815126,-41.45422890756303,G3
3.8000000000000003,0.2492171638655462,1.0235545588235295,0.8710735714285714,122.9999669117647,18.459776743697475,-41.3580062184874,G3
3.8200000000000003,0.24805014705882353,1.026311911764706,0.872895,122.32801838235294,16.867307205882348,-41.261783529411765,G3
3.84,0.24756,1.02747,0.87366,122.0458,16.19847,-41.22137,G3
3.86,0.24756,1.02747,0.87366,122.0458,16.19847,-41.22137,G3
3.88,0.24756,1.02747,0.87366,122.0458,16.19847,-41.22137,G3
3.9,0.24756,1.02747,0.87366,122.0458,16.19847,-41.22137,G3
3.92,0.24756,1.02747,0.87366,122.0458,16.19847,-41.22137,G3
3.94,0.24756,1.02747,0.87366,122.0458,16.19847,-41.22137,G3
3.96,0.24756,1.02747,0.87366,122.0458,16.19847,-41.22137,G3
3.98,0.24756,1.02747,0.87366,122.0458,16.19847,-41.22137,G3
4.0,0.24756,1.02747,0.87366,122.0458,16.19847,-41.22137,G3
